"0",""
"0","learnr::available_tutorials(package = ""r4ds.tutorials"")"
"1","Available tutorials:
* r4ds.tutorials
  - 00-introduction              : ""Introduction""
  - 01-data-visualization        : ""Data visualization""
  - 02-rstudio-and-code          : ""RStudio and code""
  - 03-data-transformation       : ""Data transformation""
  - 04-rstudio-and-github        : ""RStudio and Github""
  - 05-data-tidying              : ""Data tidying""
  - 06-terminal                  : ""Terminal""
  - 07-data-import               : ""Data import""
  - 08-getting-help              : ""Getting help""
  - 09-layers                    : ""Layers""
  - 10-exploratory-data-analysis : ""Exploratory data analysis""
  - 11-communication             : ""Communication""
  - 12-logical-vectors           : ""Logical vectors""
  - 13-numbers                   : ""Numbers""
  - 14-strings                   : ""Strings""
  - 15-regular-expressions       : ""Regular expressions""
  - 16-factors                   : ""Factors""
  - 17-dates-and-times           : ""Dates and times""
  - 18-missing-values            : ""Missing values""
  - 19-joins                     : ""Joins""
  - 20-spreadsheets              : ""Spreadsheets""
  - 21-databases                 : ""Databases""
  - 22-arrow                     : ""Arrow""
  - 23-hierarchical-data         : ""Hierarchical data""
  - 24-web-scraping              : ""Web scraping""
  - 25-functions                 : ""Functions""
  - 26-iteration                 : ""Iteration""
  - 27-a-field-guide-to-base-R   : ""A field guide to base R""
  - 28-quarto-websites           : ""Quarto Websites"""
"1"," "
"1","
"
